area_code,area_name,geography,period,indicator,household_bedrooms,measure,unit,value
E01006109,Trafford 001A,Lower-layer Super Output Area,2021-03-21,Number of bedrooms in household spaces with at least one usual resident,1 bedroom,Count,Households,148
E01006109,Trafford 001A,Lower-layer Super Output Area,2021-03-21,Number of bedrooms in household spaces with at least one usual resident,2 bedrooms,Count,Households,240
E01006109,Trafford 001A,Lower-layer Super Output Area,2021-03-21,Number of bedrooms in household spaces with at least one usual resident,3 bedrooms,Count,Households,122
E01006109,Trafford 001A,Lower-layer Super Output Area,2021-03-21,Number of bedrooms in household spaces with at least one usual resident,4 or more bedrooms,Count,Households,23
E01006110,Trafford 001B,Lower-layer Super Output Area,2021-03-21,Number of bedrooms in household spaces with at least one usual resident,1 bedroom,Count,Households,9
E01006110,Trafford 001B,Lower-layer Super Output Area,2021-03-21,Number of bedrooms in household spaces with at least one usual resident,2 bedrooms,Count,Households,168
E01006110,Trafford 001B,Lower-layer Super Output Area,2021-03-21,Number of bedrooms in household spaces with at least one usual resident,3 bedrooms,Count,Households,396
E01006110,Trafford 001B,Lower-layer Super Output Area,2021-03-21,Number of bedrooms in household spaces with at least one usual resident,4 or more bedrooms,Count,Households,84
E01006111,Trafford 001C,Lower-layer Super Output Area,2021-03-21,Number of bedrooms in household spaces with at least one usual resident,1 bedroom,Count,Households,35
E01006111,Trafford 001C,Lower-layer Super Output Area,2021-03-21,Number of bedrooms in household spaces with at least one usual resident,2 bedrooms,Count,Households,154
E01006111,Trafford 001C,Lower-layer Super Output Area,2021-03-21,Number of bedrooms in household spaces with at least one usual resident,3 bedrooms,Count,Households,255
E01006111,Trafford 001C,Lower-layer Super Output Area,2021-03-21,Number of bedrooms in household spaces with at least one usual resident,4 or more bedrooms,Count,Households,111
E01006112,Trafford 001D,Lower-layer Super Output Area,2021-03-21,Number of bedrooms in household spaces with at least one usual resident,1 bedroom,Count,Households,88
E01006112,Trafford 001D,Lower-layer Super Output Area,2021-03-21,Number of bedrooms in household spaces with at least one usual resident,2 bedrooms,Count,Households,176
E01006112,Trafford 001D,Lower-layer Super Output Area,2021-03-21,Number of bedrooms in household spaces with at least one usual resident,3 bedrooms,Count,Households,293
E01006112,Trafford 001D,Lower-layer Super Output Area,2021-03-21,Number of bedrooms in household spaces with at least one usual resident,4 or more bedrooms,Count,Households,144
E01006188,Trafford 001F,Lower-layer Super Output Area,2021-03-21,Number of bedrooms in household spaces with at least one usual resident,1 bedroom,Count,Households,183
E01006188,Trafford 001F,Lower-layer Super Output Area,2021-03-21,Number of bedrooms in household spaces with at least one usual resident,2 bedrooms,Count,Households,221
E01006188,Trafford 001F,Lower-layer Super Output Area,2021-03-21,Number of bedrooms in household spaces with at least one usual resident,3 bedrooms,Count,Households,281
E01006188,Trafford 001F,Lower-layer Super Output Area,2021-03-21,Number of bedrooms in household spaces with at least one usual resident,4 or more bedrooms,Count,Households,101
E01034000,Trafford 001G,Lower-layer Super Output Area,2021-03-21,Number of bedrooms in household spaces with at least one usual resident,1 bedroom,Count,Households,395
E01034000,Trafford 001G,Lower-layer Super Output Area,2021-03-21,Number of bedrooms in household spaces with at least one usual resident,2 bedrooms,Count,Households,322
E01034000,Trafford 001G,Lower-layer Super Output Area,2021-03-21,Number of bedrooms in household spaces with at least one usual resident,3 bedrooms,Count,Households,32
E01034000,Trafford 001G,Lower-layer Super Output Area,2021-03-21,Number of bedrooms in household spaces with at least one usual resident,4 or more bedrooms,Count,Households,3
E01034001,Trafford 001H,Lower-layer Super Output Area,2021-03-21,Number of bedrooms in household spaces with at least one usual resident,1 bedroom,Count,Households,237
E01034001,Trafford 001H,Lower-layer Super Output Area,2021-03-21,Number of bedrooms in household spaces with at least one usual resident,2 bedrooms,Count,Households,284
E01034001,Trafford 001H,Lower-layer Super Output Area,2021-03-21,Number of bedrooms in household spaces with at least one usual resident,3 bedrooms,Count,Households,177
E01034001,Trafford 001H,Lower-layer Super Output Area,2021-03-21,Number of bedrooms in household spaces with at least one usual resident,4 or more bedrooms,Count,Households,81
E01006116,Trafford 002A,Lower-layer Super Output Area,2021-03-21,Number of bedrooms in household spaces with at least one usual resident,1 bedroom,Count,Households,7
E01006116,Trafford 002A,Lower-layer Super Output Area,2021-03-21,Number of bedrooms in household spaces with at least one usual resident,2 bedrooms,Count,Households,40
E01006116,Trafford 002A,Lower-layer Super Output Area,2021-03-21,Number of bedrooms in household spaces with at least one usual resident,3 bedrooms,Count,Households,397
E01006116,Trafford 002A,Lower-layer Super Output Area,2021-03-21,Number of bedrooms in household spaces with at least one usual resident,4 or more bedrooms,Count,Households,93
E01006117,Trafford 002B,Lower-layer Super Output Area,2021-03-21,Number of bedrooms in household spaces with at least one usual resident,1 bedroom,Count,Households,6
E01006117,Trafford 002B,Lower-layer Super Output Area,2021-03-21,Number of bedrooms in household spaces with at least one usual resident,2 bedrooms,Count,Households,64
E01006117,Trafford 002B,Lower-layer Super Output Area,2021-03-21,Number of bedrooms in household spaces with at least one usual resident,3 bedrooms,Count,Households,412
E01006117,Trafford 002B,Lower-layer Super Output Area,2021-03-21,Number of bedrooms in household spaces with at least one usual resident,4 or more bedrooms,Count,Households,160
E01006118,Trafford 002C,Lower-layer Super Output Area,2021-03-21,Number of bedrooms in household spaces with at least one usual resident,1 bedroom,Count,Households,126
E01006118,Trafford 002C,Lower-layer Super Output Area,2021-03-21,Number of bedrooms in household spaces with at least one usual resident,2 bedrooms,Count,Households,116
E01006118,Trafford 002C,Lower-layer Super Output Area,2021-03-21,Number of bedrooms in household spaces with at least one usual resident,3 bedrooms,Count,Households,331
E01006118,Trafford 002C,Lower-layer Super Output Area,2021-03-21,Number of bedrooms in household spaces with at least one usual resident,4 or more bedrooms,Count,Households,96
E01006119,Trafford 002D,Lower-layer Super Output Area,2021-03-21,Number of bedrooms in household spaces with at least one usual resident,1 bedroom,Count,Households,8
E01006119,Trafford 002D,Lower-layer Super Output Area,2021-03-21,Number of bedrooms in household spaces with at least one usual resident,2 bedrooms,Count,Households,37
E01006119,Trafford 002D,Lower-layer Super Output Area,2021-03-21,Number of bedrooms in household spaces with at least one usual resident,3 bedrooms,Count,Households,440
E01006119,Trafford 002D,Lower-layer Super Output Area,2021-03-21,Number of bedrooms in household spaces with at least one usual resident,4 or more bedrooms,Count,Households,148
E01006121,Trafford 002E,Lower-layer Super Output Area,2021-03-21,Number of bedrooms in household spaces with at least one usual resident,1 bedroom,Count,Households,16
E01006121,Trafford 002E,Lower-layer Super Output Area,2021-03-21,Number of bedrooms in household spaces with at least one usual resident,2 bedrooms,Count,Households,43
E01006121,Trafford 002E,Lower-layer Super Output Area,2021-03-21,Number of bedrooms in household spaces with at least one usual resident,3 bedrooms,Count,Households,497
E01006121,Trafford 002E,Lower-layer Super Output Area,2021-03-21,Number of bedrooms in household spaces with at least one usual resident,4 or more bedrooms,Count,Households,42
E01006141,Trafford 003A,Lower-layer Super Output Area,2021-03-21,Number of bedrooms in household spaces with at least one usual resident,1 bedroom,Count,Households,27
E01006141,Trafford 003A,Lower-layer Super Output Area,2021-03-21,Number of bedrooms in household spaces with at least one usual resident,2 bedrooms,Count,Households,46
E01006141,Trafford 003A,Lower-layer Super Output Area,2021-03-21,Number of bedrooms in household spaces with at least one usual resident,3 bedrooms,Count,Households,501
E01006141,Trafford 003A,Lower-layer Super Output Area,2021-03-21,Number of bedrooms in household spaces with at least one usual resident,4 or more bedrooms,Count,Households,72
E01006186,Trafford 003B,Lower-layer Super Output Area,2021-03-21,Number of bedrooms in household spaces with at least one usual resident,1 bedroom,Count,Households,193
E01006186,Trafford 003B,Lower-layer Super Output Area,2021-03-21,Number of bedrooms in household spaces with at least one usual resident,2 bedrooms,Count,Households,248
E01006186,Trafford 003B,Lower-layer Super Output Area,2021-03-21,Number of bedrooms in household spaces with at least one usual resident,3 bedrooms,Count,Households,427
E01006186,Trafford 003B,Lower-layer Super Output Area,2021-03-21,Number of bedrooms in household spaces with at least one usual resident,4 or more bedrooms,Count,Households,79
E01006187,Trafford 003C,Lower-layer Super Output Area,2021-03-21,Number of bedrooms in household spaces with at least one usual resident,1 bedroom,Count,Households,68
E01006187,Trafford 003C,Lower-layer Super Output Area,2021-03-21,Number of bedrooms in household spaces with at least one usual resident,2 bedrooms,Count,Households,426
E01006187,Trafford 003C,Lower-layer Super Output Area,2021-03-21,Number of bedrooms in household spaces with at least one usual resident,3 bedrooms,Count,Households,579
E01006187,Trafford 003C,Lower-layer Super Output Area,2021-03-21,Number of bedrooms in household spaces with at least one usual resident,4 or more bedrooms,Count,Households,68
E01006189,Trafford 003D,Lower-layer Super Output Area,2021-03-21,Number of bedrooms in household spaces with at least one usual resident,1 bedroom,Count,Households,40
E01006189,Trafford 003D,Lower-layer Super Output Area,2021-03-21,Number of bedrooms in household spaces with at least one usual resident,2 bedrooms,Count,Households,313
E01006189,Trafford 003D,Lower-layer Super Output Area,2021-03-21,Number of bedrooms in household spaces with at least one usual resident,3 bedrooms,Count,Households,440
E01006189,Trafford 003D,Lower-layer Super Output Area,2021-03-21,Number of bedrooms in household spaces with at least one usual resident,4 or more bedrooms,Count,Households,138
E01006113,Trafford 004A,Lower-layer Super Output Area,2021-03-21,Number of bedrooms in household spaces with at least one usual resident,1 bedroom,Count,Households,9
E01006113,Trafford 004A,Lower-layer Super Output Area,2021-03-21,Number of bedrooms in household spaces with at least one usual resident,2 bedrooms,Count,Households,14
E01006113,Trafford 004A,Lower-layer Super Output Area,2021-03-21,Number of bedrooms in household spaces with at least one usual resident,3 bedrooms,Count,Households,240
E01006113,Trafford 004A,Lower-layer Super Output Area,2021-03-21,Number of bedrooms in household spaces with at least one usual resident,4 or more bedrooms,Count,Households,210
E01006114,Trafford 004B,Lower-layer Super Output Area,2021-03-21,Number of bedrooms in household spaces with at least one usual resident,1 bedroom,Count,Households,77
E01006114,Trafford 004B,Lower-layer Super Output Area,2021-03-21,Number of bedrooms in household spaces with at least one usual resident,2 bedrooms,Count,Households,48
E01006114,Trafford 004B,Lower-layer Super Output Area,2021-03-21,Number of bedrooms in household spaces with at least one usual resident,3 bedrooms,Count,Households,314
E01006114,Trafford 004B,Lower-layer Super Output Area,2021-03-21,Number of bedrooms in household spaces with at least one usual resident,4 or more bedrooms,Count,Households,129
E01006115,Trafford 004C,Lower-layer Super Output Area,2021-03-21,Number of bedrooms in household spaces with at least one usual resident,1 bedroom,Count,Households,117
E01006115,Trafford 004C,Lower-layer Super Output Area,2021-03-21,Number of bedrooms in household spaces with at least one usual resident,2 bedrooms,Count,Households,74
E01006115,Trafford 004C,Lower-layer Super Output Area,2021-03-21,Number of bedrooms in household spaces with at least one usual resident,3 bedrooms,Count,Households,192
E01006115,Trafford 004C,Lower-layer Super Output Area,2021-03-21,Number of bedrooms in household spaces with at least one usual resident,4 or more bedrooms,Count,Households,205
E01006145,Trafford 004D,Lower-layer Super Output Area,2021-03-21,Number of bedrooms in household spaces with at least one usual resident,1 bedroom,Count,Households,149
E01006145,Trafford 004D,Lower-layer Super Output Area,2021-03-21,Number of bedrooms in household spaces with at least one usual resident,2 bedrooms,Count,Households,166
E01006145,Trafford 004D,Lower-layer Super Output Area,2021-03-21,Number of bedrooms in household spaces with at least one usual resident,3 bedrooms,Count,Households,399
E01006145,Trafford 004D,Lower-layer Super Output Area,2021-03-21,Number of bedrooms in household spaces with at least one usual resident,4 or more bedrooms,Count,Households,91
E01006146,Trafford 004E,Lower-layer Super Output Area,2021-03-21,Number of bedrooms in household spaces with at least one usual resident,1 bedroom,Count,Households,9
E01006146,Trafford 004E,Lower-layer Super Output Area,2021-03-21,Number of bedrooms in household spaces with at least one usual resident,2 bedrooms,Count,Households,49
E01006146,Trafford 004E,Lower-layer Super Output Area,2021-03-21,Number of bedrooms in household spaces with at least one usual resident,3 bedrooms,Count,Households,496
E01006146,Trafford 004E,Lower-layer Super Output Area,2021-03-21,Number of bedrooms in household spaces with at least one usual resident,4 or more bedrooms,Count,Households,89
E01006122,Trafford 005A,Lower-layer Super Output Area,2021-03-21,Number of bedrooms in household spaces with at least one usual resident,1 bedroom,Count,Households,46
E01006122,Trafford 005A,Lower-layer Super Output Area,2021-03-21,Number of bedrooms in household spaces with at least one usual resident,2 bedrooms,Count,Households,153
E01006122,Trafford 005A,Lower-layer Super Output Area,2021-03-21,Number of bedrooms in household spaces with at least one usual resident,3 bedrooms,Count,Households,375
E01006122,Trafford 005A,Lower-layer Super Output Area,2021-03-21,Number of bedrooms in household spaces with at least one usual resident,4 or more bedrooms,Count,Households,167
E01006123,Trafford 005B,Lower-layer Super Output Area,2021-03-21,Number of bedrooms in household spaces with at least one usual resident,1 bedroom,Count,Households,14
E01006123,Trafford 005B,Lower-layer Super Output Area,2021-03-21,Number of bedrooms in household spaces with at least one usual resident,2 bedrooms,Count,Households,66
E01006123,Trafford 005B,Lower-layer Super Output Area,2021-03-21,Number of bedrooms in household spaces with at least one usual resident,3 bedrooms,Count,Households,357
E01006123,Trafford 005B,Lower-layer Super Output Area,2021-03-21,Number of bedrooms in household spaces with at least one usual resident,4 or more bedrooms,Count,Households,212
E01006124,Trafford 005C,Lower-layer Super Output Area,2021-03-21,Number of bedrooms in household spaces with at least one usual resident,1 bedroom,Count,Households,11
E01006124,Trafford 005C,Lower-layer Super Output Area,2021-03-21,Number of bedrooms in household spaces with at least one usual resident,2 bedrooms,Count,Households,58
E01006124,Trafford 005C,Lower-layer Super Output Area,2021-03-21,Number of bedrooms in household spaces with at least one usual resident,3 bedrooms,Count,Households,299
E01006124,Trafford 005C,Lower-layer Super Output Area,2021-03-21,Number of bedrooms in household spaces with at least one usual resident,4 or more bedrooms,Count,Households,241
E01006128,Trafford 005D,Lower-layer Super Output Area,2021-03-21,Number of bedrooms in household spaces with at least one usual resident,1 bedroom,Count,Households,64
E01006128,Trafford 005D,Lower-layer Super Output Area,2021-03-21,Number of bedrooms in household spaces with at least one usual resident,2 bedrooms,Count,Households,143
E01006128,Trafford 005D,Lower-layer Super Output Area,2021-03-21,Number of bedrooms in household spaces with at least one usual resident,3 bedrooms,Count,Households,438
E01006128,Trafford 005D,Lower-layer Super Output Area,2021-03-21,Number of bedrooms in household spaces with at least one usual resident,4 or more bedrooms,Count,Households,140
E01006131,Trafford 005E,Lower-layer Super Output Area,2021-03-21,Number of bedrooms in household spaces with at least one usual resident,1 bedroom,Count,Households,38
E01006131,Trafford 005E,Lower-layer Super Output Area,2021-03-21,Number of bedrooms in household spaces with at least one usual resident,2 bedrooms,Count,Households,106
E01006131,Trafford 005E,Lower-layer Super Output Area,2021-03-21,Number of bedrooms in household spaces with at least one usual resident,3 bedrooms,Count,Households,292
E01006131,Trafford 005E,Lower-layer Super Output Area,2021-03-21,Number of bedrooms in household spaces with at least one usual resident,4 or more bedrooms,Count,Households,187
E01006155,Trafford 006A,Lower-layer Super Output Area,2021-03-21,Number of bedrooms in household spaces with at least one usual resident,1 bedroom,Count,Households,19
E01006155,Trafford 006A,Lower-layer Super Output Area,2021-03-21,Number of bedrooms in household spaces with at least one usual resident,2 bedrooms,Count,Households,132
E01006155,Trafford 006A,Lower-layer Super Output Area,2021-03-21,Number of bedrooms in household spaces with at least one usual resident,3 bedrooms,Count,Households,520
E01006155,Trafford 006A,Lower-layer Super Output Area,2021-03-21,Number of bedrooms in household spaces with at least one usual resident,4 or more bedrooms,Count,Households,46
E01006157,Trafford 006B,Lower-layer Super Output Area,2021-03-21,Number of bedrooms in household spaces with at least one usual resident,1 bedroom,Count,Households,35
E01006157,Trafford 006B,Lower-layer Super Output Area,2021-03-21,Number of bedrooms in household spaces with at least one usual resident,2 bedrooms,Count,Households,95
E01006157,Trafford 006B,Lower-layer Super Output Area,2021-03-21,Number of bedrooms in household spaces with at least one usual resident,3 bedrooms,Count,Households,478
E01006157,Trafford 006B,Lower-layer Super Output Area,2021-03-21,Number of bedrooms in household spaces with at least one usual resident,4 or more bedrooms,Count,Households,49
E01006159,Trafford 006C,Lower-layer Super Output Area,2021-03-21,Number of bedrooms in household spaces with at least one usual resident,1 bedroom,Count,Households,45
E01006159,Trafford 006C,Lower-layer Super Output Area,2021-03-21,Number of bedrooms in household spaces with at least one usual resident,2 bedrooms,Count,Households,197
E01006159,Trafford 006C,Lower-layer Super Output Area,2021-03-21,Number of bedrooms in household spaces with at least one usual resident,3 bedrooms,Count,Households,426
E01006159,Trafford 006C,Lower-layer Super Output Area,2021-03-21,Number of bedrooms in household spaces with at least one usual resident,4 or more bedrooms,Count,Households,37
E01006182,Trafford 006D,Lower-layer Super Output Area,2021-03-21,Number of bedrooms in household spaces with at least one usual resident,1 bedroom,Count,Households,1
E01006182,Trafford 006D,Lower-layer Super Output Area,2021-03-21,Number of bedrooms in household spaces with at least one usual resident,2 bedrooms,Count,Households,12
E01006182,Trafford 006D,Lower-layer Super Output Area,2021-03-21,Number of bedrooms in household spaces with at least one usual resident,3 bedrooms,Count,Households,472
E01006182,Trafford 006D,Lower-layer Super Output Area,2021-03-21,Number of bedrooms in household spaces with at least one usual resident,4 or more bedrooms,Count,Households,101
E01006183,Trafford 006E,Lower-layer Super Output Area,2021-03-21,Number of bedrooms in household spaces with at least one usual resident,1 bedroom,Count,Households,38
E01006183,Trafford 006E,Lower-layer Super Output Area,2021-03-21,Number of bedrooms in household spaces with at least one usual resident,2 bedrooms,Count,Households,40
E01006183,Trafford 006E,Lower-layer Super Output Area,2021-03-21,Number of bedrooms in household spaces with at least one usual resident,3 bedrooms,Count,Households,420
E01006183,Trafford 006E,Lower-layer Super Output Area,2021-03-21,Number of bedrooms in household spaces with at least one usual resident,4 or more bedrooms,Count,Households,136
E01006125,Trafford 007A,Lower-layer Super Output Area,2021-03-21,Number of bedrooms in household spaces with at least one usual resident,1 bedroom,Count,Households,21
E01006125,Trafford 007A,Lower-layer Super Output Area,2021-03-21,Number of bedrooms in household spaces with at least one usual resident,2 bedrooms,Count,Households,65
E01006125,Trafford 007A,Lower-layer Super Output Area,2021-03-21,Number of bedrooms in household spaces with at least one usual resident,3 bedrooms,Count,Households,392
E01006125,Trafford 007A,Lower-layer Super Output Area,2021-03-21,Number of bedrooms in household spaces with at least one usual resident,4 or more bedrooms,Count,Households,130
E01006126,Trafford 007B,Lower-layer Super Output Area,2021-03-21,Number of bedrooms in household spaces with at least one usual resident,1 bedroom,Count,Households,74
E01006126,Trafford 007B,Lower-layer Super Output Area,2021-03-21,Number of bedrooms in household spaces with at least one usual resident,2 bedrooms,Count,Households,152
E01006126,Trafford 007B,Lower-layer Super Output Area,2021-03-21,Number of bedrooms in household spaces with at least one usual resident,3 bedrooms,Count,Households,456
E01006126,Trafford 007B,Lower-layer Super Output Area,2021-03-21,Number of bedrooms in household spaces with at least one usual resident,4 or more bedrooms,Count,Households,65
E01006127,Trafford 007C,Lower-layer Super Output Area,2021-03-21,Number of bedrooms in household spaces with at least one usual resident,1 bedroom,Count,Households,10
E01006127,Trafford 007C,Lower-layer Super Output Area,2021-03-21,Number of bedrooms in household spaces with at least one usual resident,2 bedrooms,Count,Households,112
E01006127,Trafford 007C,Lower-layer Super Output Area,2021-03-21,Number of bedrooms in household spaces with at least one usual resident,3 bedrooms,Count,Households,423
E01006127,Trafford 007C,Lower-layer Super Output Area,2021-03-21,Number of bedrooms in household spaces with at least one usual resident,4 or more bedrooms,Count,Households,75
E01006130,Trafford 007D,Lower-layer Super Output Area,2021-03-21,Number of bedrooms in household spaces with at least one usual resident,1 bedroom,Count,Households,67
E01006130,Trafford 007D,Lower-layer Super Output Area,2021-03-21,Number of bedrooms in household spaces with at least one usual resident,2 bedrooms,Count,Households,130
E01006130,Trafford 007D,Lower-layer Super Output Area,2021-03-21,Number of bedrooms in household spaces with at least one usual resident,3 bedrooms,Count,Households,391
E01006130,Trafford 007D,Lower-layer Super Output Area,2021-03-21,Number of bedrooms in household spaces with at least one usual resident,4 or more bedrooms,Count,Households,151
E01006132,Trafford 007E,Lower-layer Super Output Area,2021-03-21,Number of bedrooms in household spaces with at least one usual resident,1 bedroom,Count,Households,108
E01006132,Trafford 007E,Lower-layer Super Output Area,2021-03-21,Number of bedrooms in household spaces with at least one usual resident,2 bedrooms,Count,Households,79
E01006132,Trafford 007E,Lower-layer Super Output Area,2021-03-21,Number of bedrooms in household spaces with at least one usual resident,3 bedrooms,Count,Households,366
E01006132,Trafford 007E,Lower-layer Super Output Area,2021-03-21,Number of bedrooms in household spaces with at least one usual resident,4 or more bedrooms,Count,Households,119
E01006156,Trafford 008A,Lower-layer Super Output Area,2021-03-21,Number of bedrooms in household spaces with at least one usual resident,1 bedroom,Count,Households,67
E01006156,Trafford 008A,Lower-layer Super Output Area,2021-03-21,Number of bedrooms in household spaces with at least one usual resident,2 bedrooms,Count,Households,133
E01006156,Trafford 008A,Lower-layer Super Output Area,2021-03-21,Number of bedrooms in household spaces with at least one usual resident,3 bedrooms,Count,Households,358
E01006156,Trafford 008A,Lower-layer Super Output Area,2021-03-21,Number of bedrooms in household spaces with at least one usual resident,4 or more bedrooms,Count,Households,141
E01006158,Trafford 008B,Lower-layer Super Output Area,2021-03-21,Number of bedrooms in household spaces with at least one usual resident,1 bedroom,Count,Households,86
E01006158,Trafford 008B,Lower-layer Super Output Area,2021-03-21,Number of bedrooms in household spaces with at least one usual resident,2 bedrooms,Count,Households,326
E01006158,Trafford 008B,Lower-layer Super Output Area,2021-03-21,Number of bedrooms in household spaces with at least one usual resident,3 bedrooms,Count,Households,332
E01006158,Trafford 008B,Lower-layer Super Output Area,2021-03-21,Number of bedrooms in household spaces with at least one usual resident,4 or more bedrooms,Count,Households,45
E01006179,Trafford 008C,Lower-layer Super Output Area,2021-03-21,Number of bedrooms in household spaces with at least one usual resident,1 bedroom,Count,Households,180
E01006179,Trafford 008C,Lower-layer Super Output Area,2021-03-21,Number of bedrooms in household spaces with at least one usual resident,2 bedrooms,Count,Households,259
E01006179,Trafford 008C,Lower-layer Super Output Area,2021-03-21,Number of bedrooms in household spaces with at least one usual resident,3 bedrooms,Count,Households,261
E01006179,Trafford 008C,Lower-layer Super Output Area,2021-03-21,Number of bedrooms in household spaces with at least one usual resident,4 or more bedrooms,Count,Households,151
E01006184,Trafford 008D,Lower-layer Super Output Area,2021-03-21,Number of bedrooms in household spaces with at least one usual resident,1 bedroom,Count,Households,120
E01006184,Trafford 008D,Lower-layer Super Output Area,2021-03-21,Number of bedrooms in household spaces with at least one usual resident,2 bedrooms,Count,Households,250
E01006184,Trafford 008D,Lower-layer Super Output Area,2021-03-21,Number of bedrooms in household spaces with at least one usual resident,3 bedrooms,Count,Households,289
E01006184,Trafford 008D,Lower-layer Super Output Area,2021-03-21,Number of bedrooms in household spaces with at least one usual resident,4 or more bedrooms,Count,Households,96
E01006198,Trafford 009A,Lower-layer Super Output Area,2021-03-21,Number of bedrooms in household spaces with at least one usual resident,1 bedroom,Count,Households,190
E01006198,Trafford 009A,Lower-layer Super Output Area,2021-03-21,Number of bedrooms in household spaces with at least one usual resident,2 bedrooms,Count,Households,160
E01006198,Trafford 009A,Lower-layer Super Output Area,2021-03-21,Number of bedrooms in household spaces with at least one usual resident,3 bedrooms,Count,Households,235
E01006198,Trafford 009A,Lower-layer Super Output Area,2021-03-21,Number of bedrooms in household spaces with at least one usual resident,4 or more bedrooms,Count,Households,116
E01006199,Trafford 009B,Lower-layer Super Output Area,2021-03-21,Number of bedrooms in household spaces with at least one usual resident,1 bedroom,Count,Households,85
E01006199,Trafford 009B,Lower-layer Super Output Area,2021-03-21,Number of bedrooms in household spaces with at least one usual resident,2 bedrooms,Count,Households,288
E01006199,Trafford 009B,Lower-layer Super Output Area,2021-03-21,Number of bedrooms in household spaces with at least one usual resident,3 bedrooms,Count,Households,314
E01006199,Trafford 009B,Lower-layer Super Output Area,2021-03-21,Number of bedrooms in household spaces with at least one usual resident,4 or more bedrooms,Count,Households,58
E01006200,Trafford 009C,Lower-layer Super Output Area,2021-03-21,Number of bedrooms in household spaces with at least one usual resident,1 bedroom,Count,Households,182
E01006200,Trafford 009C,Lower-layer Super Output Area,2021-03-21,Number of bedrooms in household spaces with at least one usual resident,2 bedrooms,Count,Households,146
E01006200,Trafford 009C,Lower-layer Super Output Area,2021-03-21,Number of bedrooms in household spaces with at least one usual resident,3 bedrooms,Count,Households,219
E01006200,Trafford 009C,Lower-layer Super Output Area,2021-03-21,Number of bedrooms in household spaces with at least one usual resident,4 or more bedrooms,Count,Households,137
E01006201,Trafford 009D,Lower-layer Super Output Area,2021-03-21,Number of bedrooms in household spaces with at least one usual resident,1 bedroom,Count,Households,105
E01006201,Trafford 009D,Lower-layer Super Output Area,2021-03-21,Number of bedrooms in household spaces with at least one usual resident,2 bedrooms,Count,Households,150
E01006201,Trafford 009D,Lower-layer Super Output Area,2021-03-21,Number of bedrooms in household spaces with at least one usual resident,3 bedrooms,Count,Households,255
E01006201,Trafford 009D,Lower-layer Super Output Area,2021-03-21,Number of bedrooms in household spaces with at least one usual resident,4 or more bedrooms,Count,Households,142
E01006202,Trafford 009E,Lower-layer Super Output Area,2021-03-21,Number of bedrooms in household spaces with at least one usual resident,1 bedroom,Count,Households,154
E01006202,Trafford 009E,Lower-layer Super Output Area,2021-03-21,Number of bedrooms in household spaces with at least one usual resident,2 bedrooms,Count,Households,110
E01006202,Trafford 009E,Lower-layer Super Output Area,2021-03-21,Number of bedrooms in household spaces with at least one usual resident,3 bedrooms,Count,Households,158
E01006202,Trafford 009E,Lower-layer Super Output Area,2021-03-21,Number of bedrooms in household spaces with at least one usual resident,4 or more bedrooms,Count,Households,185
E01006120,Trafford 010A,Lower-layer Super Output Area,2021-03-21,Number of bedrooms in household spaces with at least one usual resident,1 bedroom,Count,Households,7
E01006120,Trafford 010A,Lower-layer Super Output Area,2021-03-21,Number of bedrooms in household spaces with at least one usual resident,2 bedrooms,Count,Households,26
E01006120,Trafford 010A,Lower-layer Super Output Area,2021-03-21,Number of bedrooms in household spaces with at least one usual resident,3 bedrooms,Count,Households,405
E01006120,Trafford 010A,Lower-layer Super Output Area,2021-03-21,Number of bedrooms in household spaces with at least one usual resident,4 or more bedrooms,Count,Households,122
E01006129,Trafford 010B,Lower-layer Super Output Area,2021-03-21,Number of bedrooms in household spaces with at least one usual resident,1 bedroom,Count,Households,86
E01006129,Trafford 010B,Lower-layer Super Output Area,2021-03-21,Number of bedrooms in household spaces with at least one usual resident,2 bedrooms,Count,Households,158
E01006129,Trafford 010B,Lower-layer Super Output Area,2021-03-21,Number of bedrooms in household spaces with at least one usual resident,3 bedrooms,Count,Households,284
E01006129,Trafford 010B,Lower-layer Super Output Area,2021-03-21,Number of bedrooms in household spaces with at least one usual resident,4 or more bedrooms,Count,Households,107
E01006133,Trafford 010C,Lower-layer Super Output Area,2021-03-21,Number of bedrooms in household spaces with at least one usual resident,1 bedroom,Count,Households,22
E01006133,Trafford 010C,Lower-layer Super Output Area,2021-03-21,Number of bedrooms in household spaces with at least one usual resident,2 bedrooms,Count,Households,169
E01006133,Trafford 010C,Lower-layer Super Output Area,2021-03-21,Number of bedrooms in household spaces with at least one usual resident,3 bedrooms,Count,Households,353
E01006133,Trafford 010C,Lower-layer Super Output Area,2021-03-21,Number of bedrooms in household spaces with at least one usual resident,4 or more bedrooms,Count,Households,105
E01006197,Trafford 010D,Lower-layer Super Output Area,2021-03-21,Number of bedrooms in household spaces with at least one usual resident,1 bedroom,Count,Households,34
E01006197,Trafford 010D,Lower-layer Super Output Area,2021-03-21,Number of bedrooms in household spaces with at least one usual resident,2 bedrooms,Count,Households,115
E01006197,Trafford 010D,Lower-layer Super Output Area,2021-03-21,Number of bedrooms in household spaces with at least one usual resident,3 bedrooms,Count,Households,305
E01006197,Trafford 010D,Lower-layer Super Output Area,2021-03-21,Number of bedrooms in household spaces with at least one usual resident,4 or more bedrooms,Count,Households,142
E01006203,Trafford 010E,Lower-layer Super Output Area,2021-03-21,Number of bedrooms in household spaces with at least one usual resident,1 bedroom,Count,Households,22
E01006203,Trafford 010E,Lower-layer Super Output Area,2021-03-21,Number of bedrooms in household spaces with at least one usual resident,2 bedrooms,Count,Households,28
E01006203,Trafford 010E,Lower-layer Super Output Area,2021-03-21,Number of bedrooms in household spaces with at least one usual resident,3 bedrooms,Count,Households,293
E01006203,Trafford 010E,Lower-layer Super Output Area,2021-03-21,Number of bedrooms in household spaces with at least one usual resident,4 or more bedrooms,Count,Households,174
E01006142,Trafford 011A,Lower-layer Super Output Area,2021-03-21,Number of bedrooms in household spaces with at least one usual resident,1 bedroom,Count,Households,118
E01006142,Trafford 011A,Lower-layer Super Output Area,2021-03-21,Number of bedrooms in household spaces with at least one usual resident,2 bedrooms,Count,Households,237
E01006142,Trafford 011A,Lower-layer Super Output Area,2021-03-21,Number of bedrooms in household spaces with at least one usual resident,3 bedrooms,Count,Households,280
E01006142,Trafford 011A,Lower-layer Super Output Area,2021-03-21,Number of bedrooms in household spaces with at least one usual resident,4 or more bedrooms,Count,Households,119
E01006143,Trafford 011B,Lower-layer Super Output Area,2021-03-21,Number of bedrooms in household spaces with at least one usual resident,1 bedroom,Count,Households,123
E01006143,Trafford 011B,Lower-layer Super Output Area,2021-03-21,Number of bedrooms in household spaces with at least one usual resident,2 bedrooms,Count,Households,88
E01006143,Trafford 011B,Lower-layer Super Output Area,2021-03-21,Number of bedrooms in household spaces with at least one usual resident,3 bedrooms,Count,Households,276
E01006143,Trafford 011B,Lower-layer Super Output Area,2021-03-21,Number of bedrooms in household spaces with at least one usual resident,4 or more bedrooms,Count,Households,209
E01006144,Trafford 011C,Lower-layer Super Output Area,2021-03-21,Number of bedrooms in household spaces with at least one usual resident,1 bedroom,Count,Households,150
E01006144,Trafford 011C,Lower-layer Super Output Area,2021-03-21,Number of bedrooms in household spaces with at least one usual resident,2 bedrooms,Count,Households,286
E01006144,Trafford 011C,Lower-layer Super Output Area,2021-03-21,Number of bedrooms in household spaces with at least one usual resident,3 bedrooms,Count,Households,213
E01006144,Trafford 011C,Lower-layer Super Output Area,2021-03-21,Number of bedrooms in household spaces with at least one usual resident,4 or more bedrooms,Count,Households,43
E01006180,Trafford 011D,Lower-layer Super Output Area,2021-03-21,Number of bedrooms in household spaces with at least one usual resident,1 bedroom,Count,Households,65
E01006180,Trafford 011D,Lower-layer Super Output Area,2021-03-21,Number of bedrooms in household spaces with at least one usual resident,2 bedrooms,Count,Households,254
E01006180,Trafford 011D,Lower-layer Super Output Area,2021-03-21,Number of bedrooms in household spaces with at least one usual resident,3 bedrooms,Count,Households,328
E01006180,Trafford 011D,Lower-layer Super Output Area,2021-03-21,Number of bedrooms in household spaces with at least one usual resident,4 or more bedrooms,Count,Households,136
E01006181,Trafford 011E,Lower-layer Super Output Area,2021-03-21,Number of bedrooms in household spaces with at least one usual resident,1 bedroom,Count,Households,85
E01006181,Trafford 011E,Lower-layer Super Output Area,2021-03-21,Number of bedrooms in household spaces with at least one usual resident,2 bedrooms,Count,Households,71
E01006181,Trafford 011E,Lower-layer Super Output Area,2021-03-21,Number of bedrooms in household spaces with at least one usual resident,3 bedrooms,Count,Households,359
E01006181,Trafford 011E,Lower-layer Super Output Area,2021-03-21,Number of bedrooms in household spaces with at least one usual resident,4 or more bedrooms,Count,Households,139
E01006147,Trafford 012A,Lower-layer Super Output Area,2021-03-21,Number of bedrooms in household spaces with at least one usual resident,1 bedroom,Count,Households,1
E01006147,Trafford 012A,Lower-layer Super Output Area,2021-03-21,Number of bedrooms in household spaces with at least one usual resident,2 bedrooms,Count,Households,23
E01006147,Trafford 012A,Lower-layer Super Output Area,2021-03-21,Number of bedrooms in household spaces with at least one usual resident,3 bedrooms,Count,Households,343
E01006147,Trafford 012A,Lower-layer Super Output Area,2021-03-21,Number of bedrooms in household spaces with at least one usual resident,4 or more bedrooms,Count,Households,162
E01006149,Trafford 012B,Lower-layer Super Output Area,2021-03-21,Number of bedrooms in household spaces with at least one usual resident,1 bedroom,Count,Households,107
E01006149,Trafford 012B,Lower-layer Super Output Area,2021-03-21,Number of bedrooms in household spaces with at least one usual resident,2 bedrooms,Count,Households,199
E01006149,Trafford 012B,Lower-layer Super Output Area,2021-03-21,Number of bedrooms in household spaces with at least one usual resident,3 bedrooms,Count,Households,213
E01006149,Trafford 012B,Lower-layer Super Output Area,2021-03-21,Number of bedrooms in household spaces with at least one usual resident,4 or more bedrooms,Count,Households,170
E01006150,Trafford 012C,Lower-layer Super Output Area,2021-03-21,Number of bedrooms in household spaces with at least one usual resident,1 bedroom,Count,Households,214
E01006150,Trafford 012C,Lower-layer Super Output Area,2021-03-21,Number of bedrooms in household spaces with at least one usual resident,2 bedrooms,Count,Households,258
E01006150,Trafford 012C,Lower-layer Super Output Area,2021-03-21,Number of bedrooms in household spaces with at least one usual resident,3 bedrooms,Count,Households,193
E01006150,Trafford 012C,Lower-layer Super Output Area,2021-03-21,Number of bedrooms in household spaces with at least one usual resident,4 or more bedrooms,Count,Households,200
E01006154,Trafford 012D,Lower-layer Super Output Area,2021-03-21,Number of bedrooms in household spaces with at least one usual resident,1 bedroom,Count,Households,39
E01006154,Trafford 012D,Lower-layer Super Output Area,2021-03-21,Number of bedrooms in household spaces with at least one usual resident,2 bedrooms,Count,Households,225
E01006154,Trafford 012D,Lower-layer Super Output Area,2021-03-21,Number of bedrooms in household spaces with at least one usual resident,3 bedrooms,Count,Households,245
E01006154,Trafford 012D,Lower-layer Super Output Area,2021-03-21,Number of bedrooms in household spaces with at least one usual resident,4 or more bedrooms,Count,Households,152
E01006165,Trafford 012E,Lower-layer Super Output Area,2021-03-21,Number of bedrooms in household spaces with at least one usual resident,1 bedroom,Count,Households,82
E01006165,Trafford 012E,Lower-layer Super Output Area,2021-03-21,Number of bedrooms in household spaces with at least one usual resident,2 bedrooms,Count,Households,362
E01006165,Trafford 012E,Lower-layer Super Output Area,2021-03-21,Number of bedrooms in household spaces with at least one usual resident,3 bedrooms,Count,Households,420
E01006165,Trafford 012E,Lower-layer Super Output Area,2021-03-21,Number of bedrooms in household spaces with at least one usual resident,4 or more bedrooms,Count,Households,48
E01006166,Trafford 013A,Lower-layer Super Output Area,2021-03-21,Number of bedrooms in household spaces with at least one usual resident,1 bedroom,Count,Households,78
E01006166,Trafford 013A,Lower-layer Super Output Area,2021-03-21,Number of bedrooms in household spaces with at least one usual resident,2 bedrooms,Count,Households,159
E01006166,Trafford 013A,Lower-layer Super Output Area,2021-03-21,Number of bedrooms in household spaces with at least one usual resident,3 bedrooms,Count,Households,356
E01006166,Trafford 013A,Lower-layer Super Output Area,2021-03-21,Number of bedrooms in household spaces with at least one usual resident,4 or more bedrooms,Count,Households,87
E01006169,Trafford 013B,Lower-layer Super Output Area,2021-03-21,Number of bedrooms in household spaces with at least one usual resident,1 bedroom,Count,Households,26
E01006169,Trafford 013B,Lower-layer Super Output Area,2021-03-21,Number of bedrooms in household spaces with at least one usual resident,2 bedrooms,Count,Households,115
E01006169,Trafford 013B,Lower-layer Super Output Area,2021-03-21,Number of bedrooms in household spaces with at least one usual resident,3 bedrooms,Count,Households,391
E01006169,Trafford 013B,Lower-layer Super Output Area,2021-03-21,Number of bedrooms in household spaces with at least one usual resident,4 or more bedrooms,Count,Households,134
E01006170,Trafford 013C,Lower-layer Super Output Area,2021-03-21,Number of bedrooms in household spaces with at least one usual resident,1 bedroom,Count,Households,65
E01006170,Trafford 013C,Lower-layer Super Output Area,2021-03-21,Number of bedrooms in household spaces with at least one usual resident,2 bedrooms,Count,Households,125
E01006170,Trafford 013C,Lower-layer Super Output Area,2021-03-21,Number of bedrooms in household spaces with at least one usual resident,3 bedrooms,Count,Households,359
E01006170,Trafford 013C,Lower-layer Super Output Area,2021-03-21,Number of bedrooms in household spaces with at least one usual resident,4 or more bedrooms,Count,Households,128
E01006171,Trafford 013D,Lower-layer Super Output Area,2021-03-21,Number of bedrooms in household spaces with at least one usual resident,1 bedroom,Count,Households,94
E01006171,Trafford 013D,Lower-layer Super Output Area,2021-03-21,Number of bedrooms in household spaces with at least one usual resident,2 bedrooms,Count,Households,230
E01006171,Trafford 013D,Lower-layer Super Output Area,2021-03-21,Number of bedrooms in household spaces with at least one usual resident,3 bedrooms,Count,Households,394
E01006171,Trafford 013D,Lower-layer Super Output Area,2021-03-21,Number of bedrooms in household spaces with at least one usual resident,4 or more bedrooms,Count,Households,51
E01006098,Trafford 014A,Lower-layer Super Output Area,2021-03-21,Number of bedrooms in household spaces with at least one usual resident,1 bedroom,Count,Households,8
E01006098,Trafford 014A,Lower-layer Super Output Area,2021-03-21,Number of bedrooms in household spaces with at least one usual resident,2 bedrooms,Count,Households,64
E01006098,Trafford 014A,Lower-layer Super Output Area,2021-03-21,Number of bedrooms in household spaces with at least one usual resident,3 bedrooms,Count,Households,227
E01006098,Trafford 014A,Lower-layer Super Output Area,2021-03-21,Number of bedrooms in household spaces with at least one usual resident,4 or more bedrooms,Count,Households,213
E01006099,Trafford 014B,Lower-layer Super Output Area,2021-03-21,Number of bedrooms in household spaces with at least one usual resident,1 bedroom,Count,Households,26
E01006099,Trafford 014B,Lower-layer Super Output Area,2021-03-21,Number of bedrooms in household spaces with at least one usual resident,2 bedrooms,Count,Households,91
E01006099,Trafford 014B,Lower-layer Super Output Area,2021-03-21,Number of bedrooms in household spaces with at least one usual resident,3 bedrooms,Count,Households,314
E01006099,Trafford 014B,Lower-layer Super Output Area,2021-03-21,Number of bedrooms in household spaces with at least one usual resident,4 or more bedrooms,Count,Households,118
E01006164,Trafford 014C,Lower-layer Super Output Area,2021-03-21,Number of bedrooms in household spaces with at least one usual resident,1 bedroom,Count,Households,56
E01006164,Trafford 014C,Lower-layer Super Output Area,2021-03-21,Number of bedrooms in household spaces with at least one usual resident,2 bedrooms,Count,Households,110
E01006164,Trafford 014C,Lower-layer Super Output Area,2021-03-21,Number of bedrooms in household spaces with at least one usual resident,3 bedrooms,Count,Households,371
E01006164,Trafford 014C,Lower-layer Super Output Area,2021-03-21,Number of bedrooms in household spaces with at least one usual resident,4 or more bedrooms,Count,Households,190
E01006174,Trafford 014D,Lower-layer Super Output Area,2021-03-21,Number of bedrooms in household spaces with at least one usual resident,1 bedroom,Count,Households,124
E01006174,Trafford 014D,Lower-layer Super Output Area,2021-03-21,Number of bedrooms in household spaces with at least one usual resident,2 bedrooms,Count,Households,217
E01006174,Trafford 014D,Lower-layer Super Output Area,2021-03-21,Number of bedrooms in household spaces with at least one usual resident,3 bedrooms,Count,Households,312
E01006174,Trafford 014D,Lower-layer Super Output Area,2021-03-21,Number of bedrooms in household spaces with at least one usual resident,4 or more bedrooms,Count,Households,164
E01006178,Trafford 014E,Lower-layer Super Output Area,2021-03-21,Number of bedrooms in household spaces with at least one usual resident,1 bedroom,Count,Households,57
E01006178,Trafford 014E,Lower-layer Super Output Area,2021-03-21,Number of bedrooms in household spaces with at least one usual resident,2 bedrooms,Count,Households,186
E01006178,Trafford 014E,Lower-layer Super Output Area,2021-03-21,Number of bedrooms in household spaces with at least one usual resident,3 bedrooms,Count,Households,360
E01006178,Trafford 014E,Lower-layer Super Output Area,2021-03-21,Number of bedrooms in household spaces with at least one usual resident,4 or more bedrooms,Count,Households,165
E01006097,Trafford 015A,Lower-layer Super Output Area,2021-03-21,Number of bedrooms in household spaces with at least one usual resident,1 bedroom,Count,Households,141
E01006097,Trafford 015A,Lower-layer Super Output Area,2021-03-21,Number of bedrooms in household spaces with at least one usual resident,2 bedrooms,Count,Households,336
E01006097,Trafford 015A,Lower-layer Super Output Area,2021-03-21,Number of bedrooms in household spaces with at least one usual resident,3 bedrooms,Count,Households,122
E01006097,Trafford 015A,Lower-layer Super Output Area,2021-03-21,Number of bedrooms in household spaces with at least one usual resident,4 or more bedrooms,Count,Households,224
E01006160,Trafford 015B,Lower-layer Super Output Area,2021-03-21,Number of bedrooms in household spaces with at least one usual resident,1 bedroom,Count,Households,404
E01006160,Trafford 015B,Lower-layer Super Output Area,2021-03-21,Number of bedrooms in household spaces with at least one usual resident,2 bedrooms,Count,Households,413
E01006160,Trafford 015B,Lower-layer Super Output Area,2021-03-21,Number of bedrooms in household spaces with at least one usual resident,3 bedrooms,Count,Households,183
E01006160,Trafford 015B,Lower-layer Super Output Area,2021-03-21,Number of bedrooms in household spaces with at least one usual resident,4 or more bedrooms,Count,Households,92
E01006161,Trafford 015C,Lower-layer Super Output Area,2021-03-21,Number of bedrooms in household spaces with at least one usual resident,1 bedroom,Count,Households,129
E01006161,Trafford 015C,Lower-layer Super Output Area,2021-03-21,Number of bedrooms in household spaces with at least one usual resident,2 bedrooms,Count,Households,374
E01006161,Trafford 015C,Lower-layer Super Output Area,2021-03-21,Number of bedrooms in household spaces with at least one usual resident,3 bedrooms,Count,Households,175
E01006161,Trafford 015C,Lower-layer Super Output Area,2021-03-21,Number of bedrooms in household spaces with at least one usual resident,4 or more bedrooms,Count,Households,266
E01006162,Trafford 015D,Lower-layer Super Output Area,2021-03-21,Number of bedrooms in household spaces with at least one usual resident,1 bedroom,Count,Households,104
E01006162,Trafford 015D,Lower-layer Super Output Area,2021-03-21,Number of bedrooms in household spaces with at least one usual resident,2 bedrooms,Count,Households,124
E01006162,Trafford 015D,Lower-layer Super Output Area,2021-03-21,Number of bedrooms in household spaces with at least one usual resident,3 bedrooms,Count,Households,178
E01006162,Trafford 015D,Lower-layer Super Output Area,2021-03-21,Number of bedrooms in household spaces with at least one usual resident,4 or more bedrooms,Count,Households,269
E01006163,Trafford 015E,Lower-layer Super Output Area,2021-03-21,Number of bedrooms in household spaces with at least one usual resident,1 bedroom,Count,Households,52
E01006163,Trafford 015E,Lower-layer Super Output Area,2021-03-21,Number of bedrooms in household spaces with at least one usual resident,2 bedrooms,Count,Households,385
E01006163,Trafford 015E,Lower-layer Super Output Area,2021-03-21,Number of bedrooms in household spaces with at least one usual resident,3 bedrooms,Count,Households,247
E01006163,Trafford 015E,Lower-layer Super Output Area,2021-03-21,Number of bedrooms in household spaces with at least one usual resident,4 or more bedrooms,Count,Households,131
E01006148,Trafford 016A,Lower-layer Super Output Area,2021-03-21,Number of bedrooms in household spaces with at least one usual resident,1 bedroom,Count,Households,57
E01006148,Trafford 016A,Lower-layer Super Output Area,2021-03-21,Number of bedrooms in household spaces with at least one usual resident,2 bedrooms,Count,Households,204
E01006148,Trafford 016A,Lower-layer Super Output Area,2021-03-21,Number of bedrooms in household spaces with at least one usual resident,3 bedrooms,Count,Households,142
E01006148,Trafford 016A,Lower-layer Super Output Area,2021-03-21,Number of bedrooms in household spaces with at least one usual resident,4 or more bedrooms,Count,Households,281
E01006151,Trafford 016B,Lower-layer Super Output Area,2021-03-21,Number of bedrooms in household spaces with at least one usual resident,1 bedroom,Count,Households,24
E01006151,Trafford 016B,Lower-layer Super Output Area,2021-03-21,Number of bedrooms in household spaces with at least one usual resident,2 bedrooms,Count,Households,40
E01006151,Trafford 016B,Lower-layer Super Output Area,2021-03-21,Number of bedrooms in household spaces with at least one usual resident,3 bedrooms,Count,Households,203
E01006151,Trafford 016B,Lower-layer Super Output Area,2021-03-21,Number of bedrooms in household spaces with at least one usual resident,4 or more bedrooms,Count,Households,299
E01006152,Trafford 016C,Lower-layer Super Output Area,2021-03-21,Number of bedrooms in household spaces with at least one usual resident,1 bedroom,Count,Households,3
E01006152,Trafford 016C,Lower-layer Super Output Area,2021-03-21,Number of bedrooms in household spaces with at least one usual resident,2 bedrooms,Count,Households,52
E01006152,Trafford 016C,Lower-layer Super Output Area,2021-03-21,Number of bedrooms in household spaces with at least one usual resident,3 bedrooms,Count,Households,212
E01006152,Trafford 016C,Lower-layer Super Output Area,2021-03-21,Number of bedrooms in household spaces with at least one usual resident,4 or more bedrooms,Count,Households,354
E01006153,Trafford 016D,Lower-layer Super Output Area,2021-03-21,Number of bedrooms in household spaces with at least one usual resident,1 bedroom,Count,Households,27
E01006153,Trafford 016D,Lower-layer Super Output Area,2021-03-21,Number of bedrooms in household spaces with at least one usual resident,2 bedrooms,Count,Households,34
E01006153,Trafford 016D,Lower-layer Super Output Area,2021-03-21,Number of bedrooms in household spaces with at least one usual resident,3 bedrooms,Count,Households,360
E01006153,Trafford 016D,Lower-layer Super Output Area,2021-03-21,Number of bedrooms in household spaces with at least one usual resident,4 or more bedrooms,Count,Households,206
E01006172,Trafford 016E,Lower-layer Super Output Area,2021-03-21,Number of bedrooms in household spaces with at least one usual resident,1 bedroom,Count,Households,48
E01006172,Trafford 016E,Lower-layer Super Output Area,2021-03-21,Number of bedrooms in household spaces with at least one usual resident,2 bedrooms,Count,Households,82
E01006172,Trafford 016E,Lower-layer Super Output Area,2021-03-21,Number of bedrooms in household spaces with at least one usual resident,3 bedrooms,Count,Households,335
E01006172,Trafford 016E,Lower-layer Super Output Area,2021-03-21,Number of bedrooms in household spaces with at least one usual resident,4 or more bedrooms,Count,Households,184
E01006104,Trafford 017A,Lower-layer Super Output Area,2021-03-21,Number of bedrooms in household spaces with at least one usual resident,1 bedroom,Count,Households,43
E01006104,Trafford 017A,Lower-layer Super Output Area,2021-03-21,Number of bedrooms in household spaces with at least one usual resident,2 bedrooms,Count,Households,179
E01006104,Trafford 017A,Lower-layer Super Output Area,2021-03-21,Number of bedrooms in household spaces with at least one usual resident,3 bedrooms,Count,Households,454
E01006104,Trafford 017A,Lower-layer Super Output Area,2021-03-21,Number of bedrooms in household spaces with at least one usual resident,4 or more bedrooms,Count,Households,74
E01006105,Trafford 017B,Lower-layer Super Output Area,2021-03-21,Number of bedrooms in household spaces with at least one usual resident,1 bedroom,Count,Households,29
E01006105,Trafford 017B,Lower-layer Super Output Area,2021-03-21,Number of bedrooms in household spaces with at least one usual resident,2 bedrooms,Count,Households,244
E01006105,Trafford 017B,Lower-layer Super Output Area,2021-03-21,Number of bedrooms in household spaces with at least one usual resident,3 bedrooms,Count,Households,321
E01006105,Trafford 017B,Lower-layer Super Output Area,2021-03-21,Number of bedrooms in household spaces with at least one usual resident,4 or more bedrooms,Count,Households,80
E01006106,Trafford 017C,Lower-layer Super Output Area,2021-03-21,Number of bedrooms in household spaces with at least one usual resident,1 bedroom,Count,Households,14
E01006106,Trafford 017C,Lower-layer Super Output Area,2021-03-21,Number of bedrooms in household spaces with at least one usual resident,2 bedrooms,Count,Households,158
E01006106,Trafford 017C,Lower-layer Super Output Area,2021-03-21,Number of bedrooms in household spaces with at least one usual resident,3 bedrooms,Count,Households,385
E01006106,Trafford 017C,Lower-layer Super Output Area,2021-03-21,Number of bedrooms in household spaces with at least one usual resident,4 or more bedrooms,Count,Households,39
E01006107,Trafford 017D,Lower-layer Super Output Area,2021-03-21,Number of bedrooms in household spaces with at least one usual resident,1 bedroom,Count,Households,95
E01006107,Trafford 017D,Lower-layer Super Output Area,2021-03-21,Number of bedrooms in household spaces with at least one usual resident,2 bedrooms,Count,Households,134
E01006107,Trafford 017D,Lower-layer Super Output Area,2021-03-21,Number of bedrooms in household spaces with at least one usual resident,3 bedrooms,Count,Households,408
E01006107,Trafford 017D,Lower-layer Super Output Area,2021-03-21,Number of bedrooms in household spaces with at least one usual resident,4 or more bedrooms,Count,Households,66
E01006108,Trafford 017E,Lower-layer Super Output Area,2021-03-21,Number of bedrooms in household spaces with at least one usual resident,1 bedroom,Count,Households,24
E01006108,Trafford 017E,Lower-layer Super Output Area,2021-03-21,Number of bedrooms in household spaces with at least one usual resident,2 bedrooms,Count,Households,245
E01006108,Trafford 017E,Lower-layer Super Output Area,2021-03-21,Number of bedrooms in household spaces with at least one usual resident,3 bedrooms,Count,Households,303
E01006108,Trafford 017E,Lower-layer Super Output Area,2021-03-21,Number of bedrooms in household spaces with at least one usual resident,4 or more bedrooms,Count,Households,50
E01006102,Trafford 018A,Lower-layer Super Output Area,2021-03-21,Number of bedrooms in household spaces with at least one usual resident,1 bedroom,Count,Households,62
E01006102,Trafford 018A,Lower-layer Super Output Area,2021-03-21,Number of bedrooms in household spaces with at least one usual resident,2 bedrooms,Count,Households,47
E01006102,Trafford 018A,Lower-layer Super Output Area,2021-03-21,Number of bedrooms in household spaces with at least one usual resident,3 bedrooms,Count,Households,343
E01006102,Trafford 018A,Lower-layer Super Output Area,2021-03-21,Number of bedrooms in household spaces with at least one usual resident,4 or more bedrooms,Count,Households,119
E01006173,Trafford 018B,Lower-layer Super Output Area,2021-03-21,Number of bedrooms in household spaces with at least one usual resident,1 bedroom,Count,Households,18
E01006173,Trafford 018B,Lower-layer Super Output Area,2021-03-21,Number of bedrooms in household spaces with at least one usual resident,2 bedrooms,Count,Households,32
E01006173,Trafford 018B,Lower-layer Super Output Area,2021-03-21,Number of bedrooms in household spaces with at least one usual resident,3 bedrooms,Count,Households,421
E01006173,Trafford 018B,Lower-layer Super Output Area,2021-03-21,Number of bedrooms in household spaces with at least one usual resident,4 or more bedrooms,Count,Households,134
E01006175,Trafford 018C,Lower-layer Super Output Area,2021-03-21,Number of bedrooms in household spaces with at least one usual resident,1 bedroom,Count,Households,108
E01006175,Trafford 018C,Lower-layer Super Output Area,2021-03-21,Number of bedrooms in household spaces with at least one usual resident,2 bedrooms,Count,Households,255
E01006175,Trafford 018C,Lower-layer Super Output Area,2021-03-21,Number of bedrooms in household spaces with at least one usual resident,3 bedrooms,Count,Households,339
E01006175,Trafford 018C,Lower-layer Super Output Area,2021-03-21,Number of bedrooms in household spaces with at least one usual resident,4 or more bedrooms,Count,Households,42
E01006176,Trafford 018D,Lower-layer Super Output Area,2021-03-21,Number of bedrooms in household spaces with at least one usual resident,1 bedroom,Count,Households,32
E01006176,Trafford 018D,Lower-layer Super Output Area,2021-03-21,Number of bedrooms in household spaces with at least one usual resident,2 bedrooms,Count,Households,144
E01006176,Trafford 018D,Lower-layer Super Output Area,2021-03-21,Number of bedrooms in household spaces with at least one usual resident,3 bedrooms,Count,Households,399
E01006176,Trafford 018D,Lower-layer Super Output Area,2021-03-21,Number of bedrooms in household spaces with at least one usual resident,4 or more bedrooms,Count,Households,150
E01006177,Trafford 018E,Lower-layer Super Output Area,2021-03-21,Number of bedrooms in household spaces with at least one usual resident,1 bedroom,Count,Households,14
E01006177,Trafford 018E,Lower-layer Super Output Area,2021-03-21,Number of bedrooms in household spaces with at least one usual resident,2 bedrooms,Count,Households,84
E01006177,Trafford 018E,Lower-layer Super Output Area,2021-03-21,Number of bedrooms in household spaces with at least one usual resident,3 bedrooms,Count,Households,439
E01006177,Trafford 018E,Lower-layer Super Output Area,2021-03-21,Number of bedrooms in household spaces with at least one usual resident,4 or more bedrooms,Count,Households,62
E01006091,Trafford 019A,Lower-layer Super Output Area,2021-03-21,Number of bedrooms in household spaces with at least one usual resident,1 bedroom,Count,Households,47
E01006091,Trafford 019A,Lower-layer Super Output Area,2021-03-21,Number of bedrooms in household spaces with at least one usual resident,2 bedrooms,Count,Households,393
E01006091,Trafford 019A,Lower-layer Super Output Area,2021-03-21,Number of bedrooms in household spaces with at least one usual resident,3 bedrooms,Count,Households,455
E01006091,Trafford 019A,Lower-layer Super Output Area,2021-03-21,Number of bedrooms in household spaces with at least one usual resident,4 or more bedrooms,Count,Households,262
E01006092,Trafford 019B,Lower-layer Super Output Area,2021-03-21,Number of bedrooms in household spaces with at least one usual resident,1 bedroom,Count,Households,29
E01006092,Trafford 019B,Lower-layer Super Output Area,2021-03-21,Number of bedrooms in household spaces with at least one usual resident,2 bedrooms,Count,Households,146
E01006092,Trafford 019B,Lower-layer Super Output Area,2021-03-21,Number of bedrooms in household spaces with at least one usual resident,3 bedrooms,Count,Households,295
E01006092,Trafford 019B,Lower-layer Super Output Area,2021-03-21,Number of bedrooms in household spaces with at least one usual resident,4 or more bedrooms,Count,Households,32
E01006095,Trafford 019C,Lower-layer Super Output Area,2021-03-21,Number of bedrooms in household spaces with at least one usual resident,1 bedroom,Count,Households,12
E01006095,Trafford 019C,Lower-layer Super Output Area,2021-03-21,Number of bedrooms in household spaces with at least one usual resident,2 bedrooms,Count,Households,170
E01006095,Trafford 019C,Lower-layer Super Output Area,2021-03-21,Number of bedrooms in household spaces with at least one usual resident,3 bedrooms,Count,Households,341
E01006095,Trafford 019C,Lower-layer Super Output Area,2021-03-21,Number of bedrooms in household spaces with at least one usual resident,4 or more bedrooms,Count,Households,160
E01006167,Trafford 019D,Lower-layer Super Output Area,2021-03-21,Number of bedrooms in household spaces with at least one usual resident,1 bedroom,Count,Households,186
E01006167,Trafford 019D,Lower-layer Super Output Area,2021-03-21,Number of bedrooms in household spaces with at least one usual resident,2 bedrooms,Count,Households,219
E01006167,Trafford 019D,Lower-layer Super Output Area,2021-03-21,Number of bedrooms in household spaces with at least one usual resident,3 bedrooms,Count,Households,228
E01006167,Trafford 019D,Lower-layer Super Output Area,2021-03-21,Number of bedrooms in household spaces with at least one usual resident,4 or more bedrooms,Count,Households,90
E01006168,Trafford 019E,Lower-layer Super Output Area,2021-03-21,Number of bedrooms in household spaces with at least one usual resident,1 bedroom,Count,Households,126
E01006168,Trafford 019E,Lower-layer Super Output Area,2021-03-21,Number of bedrooms in household spaces with at least one usual resident,2 bedrooms,Count,Households,225
E01006168,Trafford 019E,Lower-layer Super Output Area,2021-03-21,Number of bedrooms in household spaces with at least one usual resident,3 bedrooms,Count,Households,301
E01006168,Trafford 019E,Lower-layer Super Output Area,2021-03-21,Number of bedrooms in household spaces with at least one usual resident,4 or more bedrooms,Count,Households,82
E01006090,Trafford 020A,Lower-layer Super Output Area,2021-03-21,Number of bedrooms in household spaces with at least one usual resident,1 bedroom,Count,Households,97
E01006090,Trafford 020A,Lower-layer Super Output Area,2021-03-21,Number of bedrooms in household spaces with at least one usual resident,2 bedrooms,Count,Households,332
E01006090,Trafford 020A,Lower-layer Super Output Area,2021-03-21,Number of bedrooms in household spaces with at least one usual resident,3 bedrooms,Count,Households,441
E01006090,Trafford 020A,Lower-layer Super Output Area,2021-03-21,Number of bedrooms in household spaces with at least one usual resident,4 or more bedrooms,Count,Households,121
E01006094,Trafford 020B,Lower-layer Super Output Area,2021-03-21,Number of bedrooms in household spaces with at least one usual resident,1 bedroom,Count,Households,30
E01006094,Trafford 020B,Lower-layer Super Output Area,2021-03-21,Number of bedrooms in household spaces with at least one usual resident,2 bedrooms,Count,Households,45
E01006094,Trafford 020B,Lower-layer Super Output Area,2021-03-21,Number of bedrooms in household spaces with at least one usual resident,3 bedrooms,Count,Households,314
E01006094,Trafford 020B,Lower-layer Super Output Area,2021-03-21,Number of bedrooms in household spaces with at least one usual resident,4 or more bedrooms,Count,Households,205
E01006096,Trafford 020C,Lower-layer Super Output Area,2021-03-21,Number of bedrooms in household spaces with at least one usual resident,1 bedroom,Count,Households,5
E01006096,Trafford 020C,Lower-layer Super Output Area,2021-03-21,Number of bedrooms in household spaces with at least one usual resident,2 bedrooms,Count,Households,54
E01006096,Trafford 020C,Lower-layer Super Output Area,2021-03-21,Number of bedrooms in household spaces with at least one usual resident,3 bedrooms,Count,Households,316
E01006096,Trafford 020C,Lower-layer Super Output Area,2021-03-21,Number of bedrooms in household spaces with at least one usual resident,4 or more bedrooms,Count,Households,197
E01006100,Trafford 020D,Lower-layer Super Output Area,2021-03-21,Number of bedrooms in household spaces with at least one usual resident,1 bedroom,Count,Households,77
E01006100,Trafford 020D,Lower-layer Super Output Area,2021-03-21,Number of bedrooms in household spaces with at least one usual resident,2 bedrooms,Count,Households,75
E01006100,Trafford 020D,Lower-layer Super Output Area,2021-03-21,Number of bedrooms in household spaces with at least one usual resident,3 bedrooms,Count,Households,258
E01006100,Trafford 020D,Lower-layer Super Output Area,2021-03-21,Number of bedrooms in household spaces with at least one usual resident,4 or more bedrooms,Count,Households,191
E01006103,Trafford 020E,Lower-layer Super Output Area,2021-03-21,Number of bedrooms in household spaces with at least one usual resident,1 bedroom,Count,Households,11
E01006103,Trafford 020E,Lower-layer Super Output Area,2021-03-21,Number of bedrooms in household spaces with at least one usual resident,2 bedrooms,Count,Households,12
E01006103,Trafford 020E,Lower-layer Super Output Area,2021-03-21,Number of bedrooms in household spaces with at least one usual resident,3 bedrooms,Count,Households,393
E01006103,Trafford 020E,Lower-layer Super Output Area,2021-03-21,Number of bedrooms in household spaces with at least one usual resident,4 or more bedrooms,Count,Households,185
E01006101,Trafford 021A,Lower-layer Super Output Area,2021-03-21,Number of bedrooms in household spaces with at least one usual resident,1 bedroom,Count,Households,0
E01006101,Trafford 021A,Lower-layer Super Output Area,2021-03-21,Number of bedrooms in household spaces with at least one usual resident,2 bedrooms,Count,Households,5
E01006101,Trafford 021A,Lower-layer Super Output Area,2021-03-21,Number of bedrooms in household spaces with at least one usual resident,3 bedrooms,Count,Households,321
E01006101,Trafford 021A,Lower-layer Super Output Area,2021-03-21,Number of bedrooms in household spaces with at least one usual resident,4 or more bedrooms,Count,Households,221
E01006190,Trafford 021B,Lower-layer Super Output Area,2021-03-21,Number of bedrooms in household spaces with at least one usual resident,1 bedroom,Count,Households,4
E01006190,Trafford 021B,Lower-layer Super Output Area,2021-03-21,Number of bedrooms in household spaces with at least one usual resident,2 bedrooms,Count,Households,56
E01006190,Trafford 021B,Lower-layer Super Output Area,2021-03-21,Number of bedrooms in household spaces with at least one usual resident,3 bedrooms,Count,Households,350
E01006190,Trafford 021B,Lower-layer Super Output Area,2021-03-21,Number of bedrooms in household spaces with at least one usual resident,4 or more bedrooms,Count,Households,232
E01006195,Trafford 021C,Lower-layer Super Output Area,2021-03-21,Number of bedrooms in household spaces with at least one usual resident,1 bedroom,Count,Households,8
E01006195,Trafford 021C,Lower-layer Super Output Area,2021-03-21,Number of bedrooms in household spaces with at least one usual resident,2 bedrooms,Count,Households,29
E01006195,Trafford 021C,Lower-layer Super Output Area,2021-03-21,Number of bedrooms in household spaces with at least one usual resident,3 bedrooms,Count,Households,436
E01006195,Trafford 021C,Lower-layer Super Output Area,2021-03-21,Number of bedrooms in household spaces with at least one usual resident,4 or more bedrooms,Count,Households,194
E01006196,Trafford 021D,Lower-layer Super Output Area,2021-03-21,Number of bedrooms in household spaces with at least one usual resident,1 bedroom,Count,Households,5
E01006196,Trafford 021D,Lower-layer Super Output Area,2021-03-21,Number of bedrooms in household spaces with at least one usual resident,2 bedrooms,Count,Households,80
E01006196,Trafford 021D,Lower-layer Super Output Area,2021-03-21,Number of bedrooms in household spaces with at least one usual resident,3 bedrooms,Count,Households,447
E01006196,Trafford 021D,Lower-layer Super Output Area,2021-03-21,Number of bedrooms in household spaces with at least one usual resident,4 or more bedrooms,Count,Households,148
E01006210,Trafford 021E,Lower-layer Super Output Area,2021-03-21,Number of bedrooms in household spaces with at least one usual resident,1 bedroom,Count,Households,32
E01006210,Trafford 021E,Lower-layer Super Output Area,2021-03-21,Number of bedrooms in household spaces with at least one usual resident,2 bedrooms,Count,Households,93
E01006210,Trafford 021E,Lower-layer Super Output Area,2021-03-21,Number of bedrooms in household spaces with at least one usual resident,3 bedrooms,Count,Households,268
E01006210,Trafford 021E,Lower-layer Super Output Area,2021-03-21,Number of bedrooms in household spaces with at least one usual resident,4 or more bedrooms,Count,Households,238
E01006204,Trafford 022A,Lower-layer Super Output Area,2021-03-21,Number of bedrooms in household spaces with at least one usual resident,1 bedroom,Count,Households,92
E01006204,Trafford 022A,Lower-layer Super Output Area,2021-03-21,Number of bedrooms in household spaces with at least one usual resident,2 bedrooms,Count,Households,154
E01006204,Trafford 022A,Lower-layer Super Output Area,2021-03-21,Number of bedrooms in household spaces with at least one usual resident,3 bedrooms,Count,Households,231
E01006204,Trafford 022A,Lower-layer Super Output Area,2021-03-21,Number of bedrooms in household spaces with at least one usual resident,4 or more bedrooms,Count,Households,227
E01006206,Trafford 022B,Lower-layer Super Output Area,2021-03-21,Number of bedrooms in household spaces with at least one usual resident,1 bedroom,Count,Households,47
E01006206,Trafford 022B,Lower-layer Super Output Area,2021-03-21,Number of bedrooms in household spaces with at least one usual resident,2 bedrooms,Count,Households,173
E01006206,Trafford 022B,Lower-layer Super Output Area,2021-03-21,Number of bedrooms in household spaces with at least one usual resident,3 bedrooms,Count,Households,389
E01006206,Trafford 022B,Lower-layer Super Output Area,2021-03-21,Number of bedrooms in household spaces with at least one usual resident,4 or more bedrooms,Count,Households,143
E01006207,Trafford 022C,Lower-layer Super Output Area,2021-03-21,Number of bedrooms in household spaces with at least one usual resident,1 bedroom,Count,Households,168
E01006207,Trafford 022C,Lower-layer Super Output Area,2021-03-21,Number of bedrooms in household spaces with at least one usual resident,2 bedrooms,Count,Households,264
E01006207,Trafford 022C,Lower-layer Super Output Area,2021-03-21,Number of bedrooms in household spaces with at least one usual resident,3 bedrooms,Count,Households,307
E01006207,Trafford 022C,Lower-layer Super Output Area,2021-03-21,Number of bedrooms in household spaces with at least one usual resident,4 or more bedrooms,Count,Households,40
E01006208,Trafford 022D,Lower-layer Super Output Area,2021-03-21,Number of bedrooms in household spaces with at least one usual resident,1 bedroom,Count,Households,23
E01006208,Trafford 022D,Lower-layer Super Output Area,2021-03-21,Number of bedrooms in household spaces with at least one usual resident,2 bedrooms,Count,Households,112
E01006208,Trafford 022D,Lower-layer Super Output Area,2021-03-21,Number of bedrooms in household spaces with at least one usual resident,3 bedrooms,Count,Households,331
E01006208,Trafford 022D,Lower-layer Super Output Area,2021-03-21,Number of bedrooms in household spaces with at least one usual resident,4 or more bedrooms,Count,Households,158
E01006211,Trafford 022E,Lower-layer Super Output Area,2021-03-21,Number of bedrooms in household spaces with at least one usual resident,1 bedroom,Count,Households,51
E01006211,Trafford 022E,Lower-layer Super Output Area,2021-03-21,Number of bedrooms in household spaces with at least one usual resident,2 bedrooms,Count,Households,119
E01006211,Trafford 022E,Lower-layer Super Output Area,2021-03-21,Number of bedrooms in household spaces with at least one usual resident,3 bedrooms,Count,Households,396
E01006211,Trafford 022E,Lower-layer Super Output Area,2021-03-21,Number of bedrooms in household spaces with at least one usual resident,4 or more bedrooms,Count,Households,87
E01006093,Trafford 023A,Lower-layer Super Output Area,2021-03-21,Number of bedrooms in household spaces with at least one usual resident,1 bedroom,Count,Households,14
E01006093,Trafford 023A,Lower-layer Super Output Area,2021-03-21,Number of bedrooms in household spaces with at least one usual resident,2 bedrooms,Count,Households,104
E01006093,Trafford 023A,Lower-layer Super Output Area,2021-03-21,Number of bedrooms in household spaces with at least one usual resident,3 bedrooms,Count,Households,330
E01006093,Trafford 023A,Lower-layer Super Output Area,2021-03-21,Number of bedrooms in household spaces with at least one usual resident,4 or more bedrooms,Count,Households,169
E01006191,Trafford 023B,Lower-layer Super Output Area,2021-03-21,Number of bedrooms in household spaces with at least one usual resident,1 bedroom,Count,Households,17
E01006191,Trafford 023B,Lower-layer Super Output Area,2021-03-21,Number of bedrooms in household spaces with at least one usual resident,2 bedrooms,Count,Households,77
E01006191,Trafford 023B,Lower-layer Super Output Area,2021-03-21,Number of bedrooms in household spaces with at least one usual resident,3 bedrooms,Count,Households,345
E01006191,Trafford 023B,Lower-layer Super Output Area,2021-03-21,Number of bedrooms in household spaces with at least one usual resident,4 or more bedrooms,Count,Households,206
E01006192,Trafford 023C,Lower-layer Super Output Area,2021-03-21,Number of bedrooms in household spaces with at least one usual resident,1 bedroom,Count,Households,29
E01006192,Trafford 023C,Lower-layer Super Output Area,2021-03-21,Number of bedrooms in household spaces with at least one usual resident,2 bedrooms,Count,Households,123
E01006192,Trafford 023C,Lower-layer Super Output Area,2021-03-21,Number of bedrooms in household spaces with at least one usual resident,3 bedrooms,Count,Households,269
E01006192,Trafford 023C,Lower-layer Super Output Area,2021-03-21,Number of bedrooms in household spaces with at least one usual resident,4 or more bedrooms,Count,Households,202
E01006205,Trafford 023D,Lower-layer Super Output Area,2021-03-21,Number of bedrooms in household spaces with at least one usual resident,1 bedroom,Count,Households,37
E01006205,Trafford 023D,Lower-layer Super Output Area,2021-03-21,Number of bedrooms in household spaces with at least one usual resident,2 bedrooms,Count,Households,59
E01006205,Trafford 023D,Lower-layer Super Output Area,2021-03-21,Number of bedrooms in household spaces with at least one usual resident,3 bedrooms,Count,Households,287
E01006205,Trafford 023D,Lower-layer Super Output Area,2021-03-21,Number of bedrooms in household spaces with at least one usual resident,4 or more bedrooms,Count,Households,168
E01006209,Trafford 023E,Lower-layer Super Output Area,2021-03-21,Number of bedrooms in household spaces with at least one usual resident,1 bedroom,Count,Households,5
E01006209,Trafford 023E,Lower-layer Super Output Area,2021-03-21,Number of bedrooms in household spaces with at least one usual resident,2 bedrooms,Count,Households,113
E01006209,Trafford 023E,Lower-layer Super Output Area,2021-03-21,Number of bedrooms in household spaces with at least one usual resident,3 bedrooms,Count,Households,265
E01006209,Trafford 023E,Lower-layer Super Output Area,2021-03-21,Number of bedrooms in household spaces with at least one usual resident,4 or more bedrooms,Count,Households,255
E01006078,Trafford 024A,Lower-layer Super Output Area,2021-03-21,Number of bedrooms in household spaces with at least one usual resident,1 bedroom,Count,Households,150
E01006078,Trafford 024A,Lower-layer Super Output Area,2021-03-21,Number of bedrooms in household spaces with at least one usual resident,2 bedrooms,Count,Households,373
E01006078,Trafford 024A,Lower-layer Super Output Area,2021-03-21,Number of bedrooms in household spaces with at least one usual resident,3 bedrooms,Count,Households,369
E01006078,Trafford 024A,Lower-layer Super Output Area,2021-03-21,Number of bedrooms in household spaces with at least one usual resident,4 or more bedrooms,Count,Households,96
E01006080,Trafford 024B,Lower-layer Super Output Area,2021-03-21,Number of bedrooms in household spaces with at least one usual resident,1 bedroom,Count,Households,85
E01006080,Trafford 024B,Lower-layer Super Output Area,2021-03-21,Number of bedrooms in household spaces with at least one usual resident,2 bedrooms,Count,Households,184
E01006080,Trafford 024B,Lower-layer Super Output Area,2021-03-21,Number of bedrooms in household spaces with at least one usual resident,3 bedrooms,Count,Households,365
E01006080,Trafford 024B,Lower-layer Super Output Area,2021-03-21,Number of bedrooms in household spaces with at least one usual resident,4 or more bedrooms,Count,Households,194
E01006089,Trafford 024C,Lower-layer Super Output Area,2021-03-21,Number of bedrooms in household spaces with at least one usual resident,1 bedroom,Count,Households,38
E01006089,Trafford 024C,Lower-layer Super Output Area,2021-03-21,Number of bedrooms in household spaces with at least one usual resident,2 bedrooms,Count,Households,299
E01006089,Trafford 024C,Lower-layer Super Output Area,2021-03-21,Number of bedrooms in household spaces with at least one usual resident,3 bedrooms,Count,Households,348
E01006089,Trafford 024C,Lower-layer Super Output Area,2021-03-21,Number of bedrooms in household spaces with at least one usual resident,4 or more bedrooms,Count,Households,123
E01006193,Trafford 024D,Lower-layer Super Output Area,2021-03-21,Number of bedrooms in household spaces with at least one usual resident,1 bedroom,Count,Households,26
E01006193,Trafford 024D,Lower-layer Super Output Area,2021-03-21,Number of bedrooms in household spaces with at least one usual resident,2 bedrooms,Count,Households,86
E01006193,Trafford 024D,Lower-layer Super Output Area,2021-03-21,Number of bedrooms in household spaces with at least one usual resident,3 bedrooms,Count,Households,314
E01006193,Trafford 024D,Lower-layer Super Output Area,2021-03-21,Number of bedrooms in household spaces with at least one usual resident,4 or more bedrooms,Count,Households,196
E01006194,Trafford 024E,Lower-layer Super Output Area,2021-03-21,Number of bedrooms in household spaces with at least one usual resident,1 bedroom,Count,Households,64
E01006194,Trafford 024E,Lower-layer Super Output Area,2021-03-21,Number of bedrooms in household spaces with at least one usual resident,2 bedrooms,Count,Households,403
E01006194,Trafford 024E,Lower-layer Super Output Area,2021-03-21,Number of bedrooms in household spaces with at least one usual resident,3 bedrooms,Count,Households,280
E01006194,Trafford 024E,Lower-layer Super Output Area,2021-03-21,Number of bedrooms in household spaces with at least one usual resident,4 or more bedrooms,Count,Households,233
E01006074,Trafford 025A,Lower-layer Super Output Area,2021-03-21,Number of bedrooms in household spaces with at least one usual resident,1 bedroom,Count,Households,62
E01006074,Trafford 025A,Lower-layer Super Output Area,2021-03-21,Number of bedrooms in household spaces with at least one usual resident,2 bedrooms,Count,Households,77
E01006074,Trafford 025A,Lower-layer Super Output Area,2021-03-21,Number of bedrooms in household spaces with at least one usual resident,3 bedrooms,Count,Households,364
E01006074,Trafford 025A,Lower-layer Super Output Area,2021-03-21,Number of bedrooms in household spaces with at least one usual resident,4 or more bedrooms,Count,Households,125
E01006075,Trafford 025B,Lower-layer Super Output Area,2021-03-21,Number of bedrooms in household spaces with at least one usual resident,1 bedroom,Count,Households,188
E01006075,Trafford 025B,Lower-layer Super Output Area,2021-03-21,Number of bedrooms in household spaces with at least one usual resident,2 bedrooms,Count,Households,427
E01006075,Trafford 025B,Lower-layer Super Output Area,2021-03-21,Number of bedrooms in household spaces with at least one usual resident,3 bedrooms,Count,Households,135
E01006075,Trafford 025B,Lower-layer Super Output Area,2021-03-21,Number of bedrooms in household spaces with at least one usual resident,4 or more bedrooms,Count,Households,290
E01006076,Trafford 025C,Lower-layer Super Output Area,2021-03-21,Number of bedrooms in household spaces with at least one usual resident,1 bedroom,Count,Households,81
E01006076,Trafford 025C,Lower-layer Super Output Area,2021-03-21,Number of bedrooms in household spaces with at least one usual resident,2 bedrooms,Count,Households,292
E01006076,Trafford 025C,Lower-layer Super Output Area,2021-03-21,Number of bedrooms in household spaces with at least one usual resident,3 bedrooms,Count,Households,208
E01006076,Trafford 025C,Lower-layer Super Output Area,2021-03-21,Number of bedrooms in household spaces with at least one usual resident,4 or more bedrooms,Count,Households,232
E01006079,Trafford 025D,Lower-layer Super Output Area,2021-03-21,Number of bedrooms in household spaces with at least one usual resident,1 bedroom,Count,Households,68
E01006079,Trafford 025D,Lower-layer Super Output Area,2021-03-21,Number of bedrooms in household spaces with at least one usual resident,2 bedrooms,Count,Households,222
E01006079,Trafford 025D,Lower-layer Super Output Area,2021-03-21,Number of bedrooms in household spaces with at least one usual resident,3 bedrooms,Count,Households,434
E01006079,Trafford 025D,Lower-layer Super Output Area,2021-03-21,Number of bedrooms in household spaces with at least one usual resident,4 or more bedrooms,Count,Households,328
E01006087,Trafford 025E,Lower-layer Super Output Area,2021-03-21,Number of bedrooms in household spaces with at least one usual resident,1 bedroom,Count,Households,13
E01006087,Trafford 025E,Lower-layer Super Output Area,2021-03-21,Number of bedrooms in household spaces with at least one usual resident,2 bedrooms,Count,Households,75
E01006087,Trafford 025E,Lower-layer Super Output Area,2021-03-21,Number of bedrooms in household spaces with at least one usual resident,3 bedrooms,Count,Households,180
E01006087,Trafford 025E,Lower-layer Super Output Area,2021-03-21,Number of bedrooms in household spaces with at least one usual resident,4 or more bedrooms,Count,Households,294
E01006083,Trafford 026A,Lower-layer Super Output Area,2021-03-21,Number of bedrooms in household spaces with at least one usual resident,1 bedroom,Count,Households,2
E01006083,Trafford 026A,Lower-layer Super Output Area,2021-03-21,Number of bedrooms in household spaces with at least one usual resident,2 bedrooms,Count,Households,52
E01006083,Trafford 026A,Lower-layer Super Output Area,2021-03-21,Number of bedrooms in household spaces with at least one usual resident,3 bedrooms,Count,Households,101
E01006083,Trafford 026A,Lower-layer Super Output Area,2021-03-21,Number of bedrooms in household spaces with at least one usual resident,4 or more bedrooms,Count,Households,327
E01006084,Trafford 026B,Lower-layer Super Output Area,2021-03-21,Number of bedrooms in household spaces with at least one usual resident,1 bedroom,Count,Households,5
E01006084,Trafford 026B,Lower-layer Super Output Area,2021-03-21,Number of bedrooms in household spaces with at least one usual resident,2 bedrooms,Count,Households,101
E01006084,Trafford 026B,Lower-layer Super Output Area,2021-03-21,Number of bedrooms in household spaces with at least one usual resident,3 bedrooms,Count,Households,121
E01006084,Trafford 026B,Lower-layer Super Output Area,2021-03-21,Number of bedrooms in household spaces with at least one usual resident,4 or more bedrooms,Count,Households,409
E01006088,Trafford 026C,Lower-layer Super Output Area,2021-03-21,Number of bedrooms in household spaces with at least one usual resident,1 bedroom,Count,Households,17
E01006088,Trafford 026C,Lower-layer Super Output Area,2021-03-21,Number of bedrooms in household spaces with at least one usual resident,2 bedrooms,Count,Households,151
E01006088,Trafford 026C,Lower-layer Super Output Area,2021-03-21,Number of bedrooms in household spaces with at least one usual resident,3 bedrooms,Count,Households,230
E01006088,Trafford 026C,Lower-layer Super Output Area,2021-03-21,Number of bedrooms in household spaces with at least one usual resident,4 or more bedrooms,Count,Households,263
E01006139,Trafford 026D,Lower-layer Super Output Area,2021-03-21,Number of bedrooms in household spaces with at least one usual resident,1 bedroom,Count,Households,49
E01006139,Trafford 026D,Lower-layer Super Output Area,2021-03-21,Number of bedrooms in household spaces with at least one usual resident,2 bedrooms,Count,Households,156
E01006139,Trafford 026D,Lower-layer Super Output Area,2021-03-21,Number of bedrooms in household spaces with at least one usual resident,3 bedrooms,Count,Households,266
E01006139,Trafford 026D,Lower-layer Super Output Area,2021-03-21,Number of bedrooms in household spaces with at least one usual resident,4 or more bedrooms,Count,Households,244
E01006140,Trafford 026E,Lower-layer Super Output Area,2021-03-21,Number of bedrooms in household spaces with at least one usual resident,1 bedroom,Count,Households,8
E01006140,Trafford 026E,Lower-layer Super Output Area,2021-03-21,Number of bedrooms in household spaces with at least one usual resident,2 bedrooms,Count,Households,83
E01006140,Trafford 026E,Lower-layer Super Output Area,2021-03-21,Number of bedrooms in household spaces with at least one usual resident,3 bedrooms,Count,Households,290
E01006140,Trafford 026E,Lower-layer Super Output Area,2021-03-21,Number of bedrooms in household spaces with at least one usual resident,4 or more bedrooms,Count,Households,247
E01006077,Trafford 027A,Lower-layer Super Output Area,2021-03-21,Number of bedrooms in household spaces with at least one usual resident,1 bedroom,Count,Households,112
E01006077,Trafford 027A,Lower-layer Super Output Area,2021-03-21,Number of bedrooms in household spaces with at least one usual resident,2 bedrooms,Count,Households,346
E01006077,Trafford 027A,Lower-layer Super Output Area,2021-03-21,Number of bedrooms in household spaces with at least one usual resident,3 bedrooms,Count,Households,181
E01006077,Trafford 027A,Lower-layer Super Output Area,2021-03-21,Number of bedrooms in household spaces with at least one usual resident,4 or more bedrooms,Count,Households,164
E01006081,Trafford 027B,Lower-layer Super Output Area,2021-03-21,Number of bedrooms in household spaces with at least one usual resident,1 bedroom,Count,Households,5
E01006081,Trafford 027B,Lower-layer Super Output Area,2021-03-21,Number of bedrooms in household spaces with at least one usual resident,2 bedrooms,Count,Households,34
E01006081,Trafford 027B,Lower-layer Super Output Area,2021-03-21,Number of bedrooms in household spaces with at least one usual resident,3 bedrooms,Count,Households,83
E01006081,Trafford 027B,Lower-layer Super Output Area,2021-03-21,Number of bedrooms in household spaces with at least one usual resident,4 or more bedrooms,Count,Households,380
E01006082,Trafford 027C,Lower-layer Super Output Area,2021-03-21,Number of bedrooms in household spaces with at least one usual resident,1 bedroom,Count,Households,25
E01006082,Trafford 027C,Lower-layer Super Output Area,2021-03-21,Number of bedrooms in household spaces with at least one usual resident,2 bedrooms,Count,Households,168
E01006082,Trafford 027C,Lower-layer Super Output Area,2021-03-21,Number of bedrooms in household spaces with at least one usual resident,3 bedrooms,Count,Households,150
E01006082,Trafford 027C,Lower-layer Super Output Area,2021-03-21,Number of bedrooms in household spaces with at least one usual resident,4 or more bedrooms,Count,Households,332
E01006085,Trafford 027D,Lower-layer Super Output Area,2021-03-21,Number of bedrooms in household spaces with at least one usual resident,1 bedroom,Count,Households,25
E01006085,Trafford 027D,Lower-layer Super Output Area,2021-03-21,Number of bedrooms in household spaces with at least one usual resident,2 bedrooms,Count,Households,162
E01006085,Trafford 027D,Lower-layer Super Output Area,2021-03-21,Number of bedrooms in household spaces with at least one usual resident,3 bedrooms,Count,Households,176
E01006085,Trafford 027D,Lower-layer Super Output Area,2021-03-21,Number of bedrooms in household spaces with at least one usual resident,4 or more bedrooms,Count,Households,265
E01006086,Trafford 027E,Lower-layer Super Output Area,2021-03-21,Number of bedrooms in household spaces with at least one usual resident,1 bedroom,Count,Households,37
E01006086,Trafford 027E,Lower-layer Super Output Area,2021-03-21,Number of bedrooms in household spaces with at least one usual resident,2 bedrooms,Count,Households,108
E01006086,Trafford 027E,Lower-layer Super Output Area,2021-03-21,Number of bedrooms in household spaces with at least one usual resident,3 bedrooms,Count,Households,269
E01006086,Trafford 027E,Lower-layer Super Output Area,2021-03-21,Number of bedrooms in household spaces with at least one usual resident,4 or more bedrooms,Count,Households,243
E01006134,Trafford 028A,Lower-layer Super Output Area,2021-03-21,Number of bedrooms in household spaces with at least one usual resident,1 bedroom,Count,Households,3
E01006134,Trafford 028A,Lower-layer Super Output Area,2021-03-21,Number of bedrooms in household spaces with at least one usual resident,2 bedrooms,Count,Households,27
E01006134,Trafford 028A,Lower-layer Super Output Area,2021-03-21,Number of bedrooms in household spaces with at least one usual resident,3 bedrooms,Count,Households,86
E01006134,Trafford 028A,Lower-layer Super Output Area,2021-03-21,Number of bedrooms in household spaces with at least one usual resident,4 or more bedrooms,Count,Households,411
E01006135,Trafford 028B,Lower-layer Super Output Area,2021-03-21,Number of bedrooms in household spaces with at least one usual resident,1 bedroom,Count,Households,7
E01006135,Trafford 028B,Lower-layer Super Output Area,2021-03-21,Number of bedrooms in household spaces with at least one usual resident,2 bedrooms,Count,Households,71
E01006135,Trafford 028B,Lower-layer Super Output Area,2021-03-21,Number of bedrooms in household spaces with at least one usual resident,3 bedrooms,Count,Households,226
E01006135,Trafford 028B,Lower-layer Super Output Area,2021-03-21,Number of bedrooms in household spaces with at least one usual resident,4 or more bedrooms,Count,Households,346
E01006136,Trafford 028C,Lower-layer Super Output Area,2021-03-21,Number of bedrooms in household spaces with at least one usual resident,1 bedroom,Count,Households,7
E01006136,Trafford 028C,Lower-layer Super Output Area,2021-03-21,Number of bedrooms in household spaces with at least one usual resident,2 bedrooms,Count,Households,60
E01006136,Trafford 028C,Lower-layer Super Output Area,2021-03-21,Number of bedrooms in household spaces with at least one usual resident,3 bedrooms,Count,Households,174
E01006136,Trafford 028C,Lower-layer Super Output Area,2021-03-21,Number of bedrooms in household spaces with at least one usual resident,4 or more bedrooms,Count,Households,379
E01006137,Trafford 028D,Lower-layer Super Output Area,2021-03-21,Number of bedrooms in household spaces with at least one usual resident,1 bedroom,Count,Households,7
E01006137,Trafford 028D,Lower-layer Super Output Area,2021-03-21,Number of bedrooms in household spaces with at least one usual resident,2 bedrooms,Count,Households,24
E01006137,Trafford 028D,Lower-layer Super Output Area,2021-03-21,Number of bedrooms in household spaces with at least one usual resident,3 bedrooms,Count,Households,104
E01006137,Trafford 028D,Lower-layer Super Output Area,2021-03-21,Number of bedrooms in household spaces with at least one usual resident,4 or more bedrooms,Count,Households,345
E01006138,Trafford 028E,Lower-layer Super Output Area,2021-03-21,Number of bedrooms in household spaces with at least one usual resident,1 bedroom,Count,Households,69
E01006138,Trafford 028E,Lower-layer Super Output Area,2021-03-21,Number of bedrooms in household spaces with at least one usual resident,2 bedrooms,Count,Households,169
E01006138,Trafford 028E,Lower-layer Super Output Area,2021-03-21,Number of bedrooms in household spaces with at least one usual resident,3 bedrooms,Count,Households,344
E01006138,Trafford 028E,Lower-layer Super Output Area,2021-03-21,Number of bedrooms in household spaces with at least one usual resident,4 or more bedrooms,Count,Households,195
